contract,i,gas,txhash
DepositContract,0,51915,385ede7a375bafb79adb7da92ed4996a0a157556e710948ae472d0ba49afe260
DepositContract,1,54294,c030606201401b979101508ca4800b032c60f9f1f268c42ea84b5204669c7532
DepositContract,2,56673,11a2f2593b5b58edef779fdf632298fea777c12558eb4adf82b4ae8a6231cc9f
DepositContract,3,59052,90670be642cda40824b8ba4ffa5fb6e336c48d6ac961022a67ca494198ef3cf2
DepositContract,4,61431,56fcf274d834d7423ef0e536c8b557fff9f8ef158b4c916800fae00b4d1f85c7
DepositContract,5,63810,08ee337254d6002671f385f867e26209ae8ab35515237560528c28a19e40a286
DepositContract,6,66190,e6be409332f9aa314cacee098872eb777580a4c688dda376203c1fce8c9c8d28
DepositContract,7,68569,f58d77b8f0467ea7c4620d1179486a60b9793c4c38ad72b9dafaf8516420e5dc
DepositContract,8,70936,e5580bd95e694f368539bf0025467161953eca9b1af585e1b37f80bcf3c02e1e
DepositContract,9,73328,58b3a49bda84196b62cc13d94e88231a207885092b56c490e0a6137e4347dbed
DepositContract,10,75707,07960eee05f20ffacdc7ace09fd119bb5fc8d1396f3743b45c065759d34e2fec
DepositContract,11,78087,ee0ca3070f4b164ed3e6796a31f6835ad2fb5b8c845e0d21139f8e548c3f1fd6
DepositContract,12,80466,e4073483fcd194254e0c12cf73a10d5fac4ce0700d3dec5a6e77d627855415da
DepositContract,13,82846,795e283395ee85719fe63c99a78b25f8a858b6903f72d10bb4e07aaf2f8037bb
DepositContract,14,85225,d7c8e3077b443788251002582117e4cca7aa63f9164c70496e30149ad3b27799
DepositContract,15,87605,3bcff56cf9e661d77b757bf88904880b06e01f68ac6402e3c4fe8ea1d7018622
DepositContract,16,89984,8f5baa07e385101e885e2a43b99e4143c2f1c85251790ae9285552182bb18d6c
DepositContract,17,92364,f92d547818fae3b79985a5cb84f4d0e874c88ba00e10e755d428b01e368529bd
DepositContract,18,94744,a6050e585004b76d5441f2fcd01b2fdbf4b70a348687a9b60e0b175200794e1f
DepositContract,19,97124,c43cb614a10161d27392b5e4a620d0eedb274ec3647e7f1568db62aa6a1dc9e8
DepositContract,20,99503,771d1a0a0a20e206e9424671416b01e0235c8cd50cfcbff3293006f44c0635b3
DepositContract,21,101883,180f330cde30646f3db8fa32c16c71c8920cc7a68d1eb4c974d8fe1f7f0ca99c
DepositContract,22,104251,9de6c8f8132e0fbb0420d324e71799b21bd65f8918283de8d6ee970a5c89b2e8
DepositContract,23,106643,b9adc1aa655e0ccdab98c69de2838d8d275d68aeda6a68d084a84d2c433f56e2
DepositContract,24,109023,d0006ba40c6087adc142bf9653b2157302c859f782b6e2398577aa05d153af37
DepositContract,25,111403,5c53c71f3f3df3b62dadc50f08a53234e8c345335eec35c2bba5060fe92acdcc
DepositContract,26,113783,5cbfbb2b21454a47cf99c9b1e230a40180970a8b2db64c15d5d5a8cf1b697db7
DepositContract,27,116163,56570f1c9b67b73c878051795c37c6d8a3a6c53ac1fb04b4e60ffc4661e9774b
DepositContractWithProofs,0,75654,1a95a5217540c1bf12fdb218c4e98a282ef8c78e332be43429c972631e2b099a
DepositContractWithProofs,1,101363,abd6138f1052b5a6f43e6f926905509c1c6b49a1fda290179c9a2c87fb5cb325
DepositContractWithProofs,2,127072,c988cdf2af6da9a31259f7b2cbbbfde0da3a602ed91773a0291fdd91b9c3da23
DepositContractWithProofs,3,152781,6dc1d7cd187e158d1d6d933b3ec057699db0ef52a6d363f4005124c1fc19c8b8
DepositContractWithProofs,4,178490,2ccd4664597969cc8352eac8f40cdf0758a87c528f3ed039f4f3fa8bff3a9a66
DepositContractWithProofs,5,204199,97056ad2191b2251905fba4de390671e508820d24540397bead1bcc58bc841d0
DepositContractWithProofs,6,229909,c71fcbcbda64087a39efcacce0936f44370af10ed3c46156c0c7d82913f65522
DepositContractWithProofs,7,255618,371b256d01763b5eaaff749be235e7be98a20cc569a82c0e0f035eb8756ae336
DepositContractWithProofs,8,281315,74773daf963fe3be60f34eb889b2a4ee8eb812f80ad67744a8ca3a3a78804cb7
DepositContractWithProofs,9,307037,4d6ab570b3d12ca36f8315ea47329f6a2c1c95ccbc487aa69229c29437930043
DepositContractWithProofs,10,332746,c902ae431245901a857db4d0bfd41c2c6f3707518c7b28c63644a1edd9bc0806
DepositContractWithProofs,11,358456,79cab4b570b7660ab4794e1a926c1bbb21df3340a80a9e83492433b95cc0da27
DepositContractWithProofs,12,384165,09cf32009bb4c1a70e4bc5873904eaf431d21b303c7e7f5e468e2b8eef7a535a
DepositContractWithProofs,13,409875,9f9331de24be620aab22d662c99522b741f0d5d48b0f3771dc3dbaffefd9cea2
DepositContractWithProofs,14,435584,787905709e409f18bae5467ee3513f8a2af7842ab9269497f53f46b8de051135
DepositContractWithProofs,15,461294,490b153434ead5635af53d01a11be09a68a48b6e7e435e0a24d4e0c65e034a27
DepositContractWithProofs,16,487003,d2d58598dce1607d7212aa4b8a22a779a131426efe51ad4bd6a99856e014b634
DepositContractWithProofs,17,512713,d03ee0699af2ed7b63902a5fba6b914da9ae51c19923a2725efd7bc5e3d30bb3
DepositContractWithProofs,18,538423,298a11e6e66366ae9870ea5e9de84b5181b0063ba66e564c48430577c0236870
DepositContractWithProofs,19,564133,9a4f96c539af97d2f8532d6ecd4b4cea884c50c7b760cea46127ca1cc62bb65d
DepositContractWithProofs,20,589842,d99339582539afc8d69d4c0a418c32a8916bcc073d09d5dde9224e177542d9e7
DepositContractWithProofs,21,615552,c4de9390e24233e006f289884b021e04d6e52a06c1eb9fef2839125fc6ca805e
DepositContractWithProofs,22,641250,83f19a4c80901e24199e5636d114568c9a7f8b38881c899886bd40bfee8df716
DepositContractWithProofs,23,666972,b8fdfee5f30ce58eabf92febd1af152cac9043fbed38f5460b3a33df244be9b4
DepositContractWithProofs,24,692682,95c9aaf70822014537daf2f20b42e38e74cb29c384f936e3b034e2834f50a416
DepositContractWithProofs,25,718392,5a5e1a054ffd40e79fc1b9627dffe6d7b895779fd4fe1b84b12e444bf02bd6c0
DepositContractWithProofs,26,744102,bfeaafdd2ec7a858ce5f09e0686df03c1a2630217d047a3c2b4c0a8061fd8bf9
DepositContractWithProofs,27,769812,fd6cac04771c9c83e04172cc972aad93c385188e3256a66e6dca57fb0bce2a6a
